Fund,P1,P2,P3,P4,Topsis Score,Rank
M1,0.67,0.45,6.5,42.6,0.2083981544265001,8.0
M2,0.6,0.36,3.6,53.3,0.4648270230211195,5.0
M3,0.82,0.67,3.8,63.1,0.8688267900629512,1.0
M4,0.6,0.36,3.5,69.2,0.5514250819482976,3.0
M5,0.76,0.58,4.8,43.0,0.4935396001445173,4.0
M6,0.69,0.48,6.6,48.7,0.3014480037132488,7.0
M7,0.79,0.62,4.8,59.2,0.687799901258731,2.0
M8,0.84,0.71,6.5,34.5,0.45228873642721407,6.0
